<step title="Incoming Request" date="2025-09-29T13:20:27.297" instance="4ffdaf" url="/api/siteextensions/Microsoft.AspNetCore.AzureAppServices.SiteExtension" method="PUT" type="request" pid="5900,2,12" Content-Length="0" Content-Type="application/json; charset=utf-8" Content-Encoding="utf-8" Accept-Encoding="gzip, deflate" Authorization="Bea..." Host="resellbook20250929183655.scm.azurewebsites.net" User-Agent="Visual-Studio/17.12.4+35707.178 WebToolsExtension/17.12.178.10385" X-ARR-LOG-ID="b433ce58-c693-4ba2-af5b-f1cd6a516a2c" CLIENT-IP="20.40.52.239:4204" X-SITE-DEPLOYMENT-ID="ResellBook20250929183655" WAS-DEFAULT-HOSTNAME="resellbook20250929183655.scm.azurewebsites.net" X-Forwarded-Proto="https" X-AppService-Proto="https" X-Forwarded-TlsVersion="1.3" X-WAWS-Unencoded-URL="/api/siteextensions/Microsoft.AspNetCore.AzureAppServices.SiteExtension" >
  <step title="Cleanup Xml Logs" date="2025-09-29T13:20:27.328" /><!-- duration: 111ms -->
  <step title="Installing Microsoft.AspNetCore.AzureAppServices.SiteExtension, version:  from feed: , packageUri: " date="2025-09-29T13:20:29.468" /><!-- duration: 0ms -->
  <step title="Installing &apos;Microsoft.AspNetCore.AzureAppServices.SiteExtension&apos; version &apos;&apos; from &apos;&apos;" date="2025-09-29T13:20:30.656" >
    <step title="Site Extension Microsoft.AspNetCore.AzureAppServices.SiteExtension remote version is 10.0.0-rc-1-25451-107" date="2025-09-29T13:20:33.218" /><!-- duration: 0ms -->
    <step title="FeedExtensionsV2 search package by id: Microsoft.AspNetCore.AzureAppServices.SiteExtension and version: ." date="2025-09-29T13:20:33.250" /><!-- duration: 0ms -->
    <step title="Install package: Microsoft.AspNetCore.AzureAppServices.SiteExtension." date="2025-09-29T13:20:33.281" >
      <step title="Download site extension: Microsoft.AspNetCore.AzureAppServices.SiteExtension" date="2025-09-29T13:20:33.329" /><!-- duration: 8704ms -->
      <step title="Check if applicationHost.xdt or scmApplicationHost.xdt file existed." date="2025-09-29T13:20:42.048" /><!-- duration: 0ms -->
      <step title="Trigger site extension job" date="2025-09-29T13:20:42.064" /><!-- duration: 35ms -->
    </step><!-- duration: 9001ms -->
    <step title="Update arm settings for Microsoft.AspNetCore.AzureAppServices.SiteExtension installation. Status: OK" date="2025-09-29T13:20:42.564" /><!-- duration: 172ms -->
  </step><!-- duration: 12099ms -->
  <step title="Outgoing response" date="2025-09-29T13:20:42.939" type="response" statusCode="200" statusText="OK" Server="Microsoft-IIS/10.0" x-ms-request-id="b433ce58-c693-4ba2-af5b-f1cd6a516a2c" Cache-Control="private" X-AspNet-Version="4.0.30319" Content-Type="application/json; charset=utf-8" /><!-- duration: 17ms -->
</step><!-- duration: 15672ms -->
