{
  "Version": 1,
  "ManifestType": "Publish",
  "Endpoints": [
    {
      "Route": "uploads/books/07839698-a055-4083-9827-5387c0628492.7ywc2w4091.jpg",
      "AssetFile": "uploads/books/07839698-a055-4083-9827-5387c0628492.jpg",
      "Selectors": [],
      "ResponseHeaders": [
        {
          "Name": "Accept-Ranges",
          "Value": "bytes"
        },
        {
          "Name": "Cache-Control",
          "Value": "max-age=31536000, immutable"
        },
        {
          "Name": "Content-Length",
          "Value": "40748"
        },
        {
          "Name": "Content-Type",
          "Value": "image/jpeg"
        },
        {
          "Name": "ETag",
          "Value": "\"zzPakFw5oJszqZ10WYz0CjHvHyMR2n//c0Olv5HSyXY=\""
        },
        {
          "Name": "Last-Modified",
          "Value": "Fri, 03 Oct 2025 03:24:01 GMT"
        }
      ],
      "EndpointProperties": [
        {
          "Name": "fingerprint",
          "Value": "7ywc2w4091"
        },
        {
          "Name": "integrity",
          "Value": "sha256-zzPakFw5oJszqZ10WYz0CjHvHyMR2n//c0Olv5HSyXY="
        },
        {
          "Name": "label",
          "Value": "uploads/books/07839698-a055-4083-9827-5387c0628492.jpg"
        }
      ]
    },
    {
      "Route": "uploads/books/07839698-a055-4083-9827-5387c0628492.jpg",
      "AssetFile": "uploads/books/07839698-a055-4083-9827-5387c0628492.jpg",
      "Selectors": [],
      "ResponseHeaders": [
        {
          "Name": "Accept-Ranges",
          "Value": "bytes"
        },
        {
          "Name": "Cache-Control",
          "Value": "max-age=3600, must-revalidate"
        },
        {
          "Name": "Content-Length",
          "Value": "40748"
        },
        {
          "Name": "Content-Type",
          "Value": "image/jpeg"
        },
        {
          "Name": "ETag",
          "Value": "\"zzPakFw5oJszqZ10WYz0CjHvHyMR2n//c0Olv5HSyXY=\""
        },
        {
          "Name": "Last-Modified",
          "Value": "Fri, 03 Oct 2025 03:24:01 GMT"
        }
      ],
      "EndpointProperties": [
        {
          "Name": "integrity",
          "Value": "sha256-zzPakFw5oJszqZ10WYz0CjHvHyMR2n//c0Olv5HSyXY="
        }
      ]
    },
    {
      "Route": "uploads/books/2dd6dbc0-ec40-4602-b531-885bd1608175.jpg",
      "AssetFile": "uploads/books/2dd6dbc0-ec40-4602-b531-885bd1608175.jpg",
      "Selectors": [],
      "ResponseHeaders": [
        {
          "Name": "Accept-Ranges",
          "Value": "bytes"
        },
        {
          "Name": "Cache-Control",
          "Value": "max-age=3600, must-revalidate"
        },
        {
          "Name": "Content-Length",
          "Value": "43515"
        },
        {
          "Name": "Content-Type",
          "Value": "image/jpeg"
        },
        {
          "Name": "ETag",
          "Value": "\"5P4ZldHVv+jx1WXH5Ub607mCgLGJYIYDko0Kq29tgvY=\""
        },
        {
          "Name": "Last-Modified",
          "Value": "Fri, 03 Oct 2025 03:24:01 GMT"
        }
      ],
      "EndpointProperties": [
        {
          "Name": "integrity",
          "Value": "sha256-5P4ZldHVv+jx1WXH5Ub607mCgLGJYIYDko0Kq29tgvY="
        }
      ]
    },
    {
      "Route": "uploads/books/2dd6dbc0-ec40-4602-b531-885bd1608175.w3t3vbgzwo.jpg",
      "AssetFile": "uploads/books/2dd6dbc0-ec40-4602-b531-885bd1608175.jpg",
      "Selectors": [],
      "ResponseHeaders": [
        {
          "Name": "Accept-Ranges",
          "Value": "bytes"
        },
        {
          "Name": "Cache-Control",
          "Value": "max-age=31536000, immutable"
        },
        {
          "Name": "Content-Length",
          "Value": "43515"
        },
        {
          "Name": "Content-Type",
          "Value": "image/jpeg"
        },
        {
          "Name": "ETag",
          "Value": "\"5P4ZldHVv+jx1WXH5Ub607mCgLGJYIYDko0Kq29tgvY=\""
        },
        {
          "Name": "Last-Modified",
          "Value": "Fri, 03 Oct 2025 03:24:01 GMT"
        }
      ],
      "EndpointProperties": [
        {
          "Name": "fingerprint",
          "Value": "w3t3vbgzwo"
        },
        {
          "Name": "integrity",
          "Value": "sha256-5P4ZldHVv+jx1WXH5Ub607mCgLGJYIYDko0Kq29tgvY="
        },
        {
          "Name": "label",
          "Value": "uploads/books/2dd6dbc0-ec40-4602-b531-885bd1608175.jpg"
        }
      ]
    },
    {
      "Route": "uploads/books/83b61eca-6a27-47e0-b3f0-b1a90df02355.jpg",
      "AssetFile": "uploads/books/83b61eca-6a27-47e0-b3f0-b1a90df02355.jpg",
      "Selectors": [],
      "ResponseHeaders": [
        {
          "Name": "Accept-Ranges",
          "Value": "bytes"
        },
        {
          "Name": "Cache-Control",
          "Value": "max-age=3600, must-revalidate"
        },
        {
          "Name": "Content-Length",
          "Value": "43515"
        },
        {
          "Name": "Content-Type",
          "Value": "image/jpeg"
        },
        {
          "Name": "ETag",
          "Value": "\"5P4ZldHVv+jx1WXH5Ub607mCgLGJYIYDko0Kq29tgvY=\""
        },
        {
          "Name": "Last-Modified",
          "Value": "Fri, 03 Oct 2025 03:24:01 GMT"
        }
      ],
      "EndpointProperties": [
        {
          "Name": "integrity",
          "Value": "sha256-5P4ZldHVv+jx1WXH5Ub607mCgLGJYIYDko0Kq29tgvY="
        }
      ]
    },
    {
      "Route": "uploads/books/83b61eca-6a27-47e0-b3f0-b1a90df02355.w3t3vbgzwo.jpg",
      "AssetFile": "uploads/books/83b61eca-6a27-47e0-b3f0-b1a90df02355.jpg",
      "Selectors": [],
      "ResponseHeaders": [
        {
          "Name": "Accept-Ranges",
          "Value": "bytes"
        },
        {
          "Name": "Cache-Control",
          "Value": "max-age=31536000, immutable"
        },
        {
          "Name": "Content-Length",
          "Value": "43515"
        },
        {
          "Name": "Content-Type",
          "Value": "image/jpeg"
        },
        {
          "Name": "ETag",
          "Value": "\"5P4ZldHVv+jx1WXH5Ub607mCgLGJYIYDko0Kq29tgvY=\""
        },
        {
          "Name": "Last-Modified",
          "Value": "Fri, 03 Oct 2025 03:24:01 GMT"
        }
      ],
      "EndpointProperties": [
        {
          "Name": "fingerprint",
          "Value": "w3t3vbgzwo"
        },
        {
          "Name": "integrity",
          "Value": "sha256-5P4ZldHVv+jx1WXH5Ub607mCgLGJYIYDko0Kq29tgvY="
        },
        {
          "Name": "label",
          "Value": "uploads/books/83b61eca-6a27-47e0-b3f0-b1a90df02355.jpg"
        }
      ]
    },
    {
      "Route": "uploads/books/bc895c05-b6f3-4edb-b71d-6633592565ac.gli4oora4o.jpg",
      "AssetFile": "uploads/books/bc895c05-b6f3-4edb-b71d-6633592565ac.jpg",
      "Selectors": [],
      "ResponseHeaders": [
        {
          "Name": "Accept-Ranges",
          "Value": "bytes"
        },
        {
          "Name": "Cache-Control",
          "Value": "max-age=31536000, immutable"
        },
        {
          "Name": "Content-Length",
          "Value": "67126"
        },
        {
          "Name": "Content-Type",
          "Value": "image/jpeg"
        },
        {
          "Name": "ETag",
          "Value": "\"JN9CK5fUjhZsYNgWh5m/8dzV3LJ/gGBgq18FZdlmYu4=\""
        },
        {
          "Name": "Last-Modified",
          "Value": "Fri, 03 Oct 2025 03:24:01 GMT"
        }
      ],
      "EndpointProperties": [
        {
          "Name": "fingerprint",
          "Value": "gli4oora4o"
        },
        {
          "Name": "integrity",
          "Value": "sha256-JN9CK5fUjhZsYNgWh5m/8dzV3LJ/gGBgq18FZdlmYu4="
        },
        {
          "Name": "label",
          "Value": "uploads/books/bc895c05-b6f3-4edb-b71d-6633592565ac.jpg"
        }
      ]
    },
    {
      "Route": "uploads/books/bc895c05-b6f3-4edb-b71d-6633592565ac.jpg",
      "AssetFile": "uploads/books/bc895c05-b6f3-4edb-b71d-6633592565ac.jpg",
      "Selectors": [],
      "ResponseHeaders": [
        {
          "Name": "Accept-Ranges",
          "Value": "bytes"
        },
        {
          "Name": "Cache-Control",
          "Value": "max-age=3600, must-revalidate"
        },
        {
          "Name": "Content-Length",
          "Value": "67126"
        },
        {
          "Name": "Content-Type",
          "Value": "image/jpeg"
        },
        {
          "Name": "ETag",
          "Value": "\"JN9CK5fUjhZsYNgWh5m/8dzV3LJ/gGBgq18FZdlmYu4=\""
        },
        {
          "Name": "Last-Modified",
          "Value": "Fri, 03 Oct 2025 03:24:01 GMT"
        }
      ],
      "EndpointProperties": [
        {
          "Name": "integrity",
          "Value": "sha256-JN9CK5fUjhZsYNgWh5m/8dzV3LJ/gGBgq18FZdlmYu4="
        }
      ]
    }
  ]
}