﻿<?xml version="1.0" encoding="utf-8"?>
<entries>
  <entry time="2025-09-29T13:20:22.0147572+00:00" type="Message">
    <message>[Information] [user: ABHISHEK.HINGMIRE@wolterskluwer.com] [2b05d272-79bb-41fc-a382-6265076daa40] WebDeploy operation complete. Performing post-deployment operations.</message>
  </entry>
  <entry time="2025-09-29T13:20:22.7127358+00:00" type="Message">
    <message>[Verbose] [user: ABHISHEK.HINGMIRE@wolterskluwer.com] Skip function trigger and logicapp sync because function is not enabled.</message>
  </entry>
  <entry time="2025-09-29T13:20:22.7127358+00:00" type="Message">
    <message>[Verbose] [user: ABHISHEK.HINGMIRE@wolterskluwer.com] AutoSwap is not enabled</message>
  </entry>
  <entry time="2025-09-29T13:20:22.7127358+00:00" type="Message">
    <message>[Information] [user: ABHISHEK.HINGMIRE@wolterskluwer.com] [2b05d272-79bb-41fc-a382-6265076daa40] Post-deployment operations complete.</message>
  </entry>
  <entry time="2025-09-29T13:27:45.2851024Z" type="Message">
    <message>[Information] [user: ABHISHEK.HINGMIRE@wolterskluwer.com] [5a1fea9c-cb80-40f3-8198-afc2b8985c9d] WebDeploy operation complete. Performing post-deployment operations.</message>
  </entry>
  <entry time="2025-09-29T13:27:45.2959992Z" type="Message">
    <message>[Verbose] [user: ABHISHEK.HINGMIRE@wolterskluwer.com] Skip function trigger and logicapp sync because function is not enabled.</message>
  </entry>
  <entry time="2025-09-29T13:27:45.3151168Z" type="Message">
    <message>[Verbose] [user: ABHISHEK.HINGMIRE@wolterskluwer.com] AutoSwap is not enabled</message>
  </entry>
  <entry time="2025-09-29T13:27:45.3151168Z" type="Message">
    <message>[Information] [user: ABHISHEK.HINGMIRE@wolterskluwer.com] [5a1fea9c-cb80-40f3-8198-afc2b8985c9d] Post-deployment operations complete.</message>
  </entry>
</entries>